student_code,full_name,email,faculty,major,cohort,status
22000001,Student 0001,student0001@example.edu.vn,CNTT,Khoa hoc may tinh,K21,ACTIVE
22000002,Student 0002,student0002@example.edu.vn,Toan-Tin,Ky thuat phan mem,K22,ACTIVE
22000003,Student 0003,student0003@example.edu.vn,Vat ly,He thong thong tin,K23,ACTIVE
22000004,Student 0004,student0004@example.edu.vn,Hoa hoc,Tri tue nhan tao,K24,ACTIVE
22000005,Student 0005,student0005@example.edu.vn,Sinh hoc,An toan thong tin,K21,ACTIVE
22000006,Student 0006,student0006@example.edu.vn,CNTT,Khoa hoc may tinh,K22,ACTIVE
22000007,Student 0007,student0007@example.edu.vn,Toan-Tin,Ky thuat phan mem,K23,ACTIVE
22000008,Student 0008,student0008@example.edu.vn,Vat ly,He thong thong tin,K24,ACTIVE
22000009,Student 0009,student0009@example.edu.vn,Hoa hoc,Tri tue nhan tao,K21,ACTIVE
22000010,Student 0010,student0010@example.edu.vn,Sinh hoc,An toan thong tin,K22,ACTIVE
22000011,Student 0011,student0011@example.edu.vn,CNTT,Khoa hoc may tinh,K23,ACTIVE
22000012,Student 0012,student0012@example.edu.vn,Toan-Tin,Ky thuat phan mem,K24,ACTIVE
22000013,Student 0013,student0013@example.edu.vn,Vat ly,He thong thong tin,K21,ACTIVE
22000014,Student 0014,student0014@example.edu.vn,Hoa hoc,Tri tue nhan tao,K22,ACTIVE
22000015,Student 0015,student0015@example.edu.vn,Sinh hoc,An toan thong tin,K23,ACTIVE
22000016,Student 0016,student0016@example.edu.vn,CNTT,Khoa hoc may tinh,K24,ACTIVE
22000017,Student 0017,student0017@example.edu.vn,Toan-Tin,Ky thuat phan mem,K21,ACTIVE
22000018,Student 0018,student0018@example.edu.vn,Vat ly,He thong thong tin,K22,ACTIVE
22000019,Student 0019,student0019@example.edu.vn,Hoa hoc,Tri tue nhan tao,K23,ACTIVE
22000020,Student 0020,student0020@example.edu.vn,Sinh hoc,An toan thong tin,K24,ACTIVE
22000021,Student 0021,student0021@example.edu.vn,CNTT,Khoa hoc may tinh,K21,ACTIVE
22000022,Student 0022,student0022@example.edu.vn,Toan-Tin,Ky thuat phan mem,K22,ACTIVE
22000023,Student 0023,student0023@example.edu.vn,Vat ly,He thong thong tin,K23,ACTIVE
22000024,Student 0024,student0024@example.edu.vn,Hoa hoc,Tri tue nhan tao,K24,ACTIVE
22000025,Student 0025,student0025@example.edu.vn,Sinh hoc,An toan thong tin,K21,ACTIVE
22000026,Student 0026,student0026@example.edu.vn,CNTT,Khoa hoc may tinh,K22,ACTIVE
22000027,Student 0027,student0027@example.edu.vn,Toan-Tin,Ky thuat phan mem,K23,ACTIVE
22000028,Student 0028,student0028@example.edu.vn,Vat ly,He thong thong tin,K24,ACTIVE
22000029,Student 0029,student0029@example.edu.vn,Hoa hoc,Tri tue nhan tao,K21,ACTIVE
22000030,Student 0030,student0030@example.edu.vn,Sinh hoc,An toan thong tin,K22,ACTIVE
22000031,Student 0031,student0031@example.edu.vn,CNTT,Khoa hoc may tinh,K23,ACTIVE
22000032,Student 0032,student0032@example.edu.vn,Toan-Tin,Ky thuat phan mem,K24,ACTIVE
22000033,Student 0033,student0033@example.edu.vn,Vat ly,He thong thong tin,K21,ACTIVE
22000034,Student 0034,student0034@example.edu.vn,Hoa hoc,Tri tue nhan tao,K22,ACTIVE
22000035,Student 0035,student0035@example.edu.vn,Sinh hoc,An toan thong tin,K23,ACTIVE
22000036,Student 0036,student0036@example.edu.vn,CNTT,Khoa hoc may tinh,K24,ACTIVE
22000037,Student 0037,student0037@example.edu.vn,Toan-Tin,Ky thuat phan mem,K21,ACTIVE
22000038,Student 0038,student0038@example.edu.vn,Vat ly,He thong thong tin,K22,ACTIVE
22000039,Student 0039,student0039@example.edu.vn,Hoa hoc,Tri tue nhan tao,K23,ACTIVE
22000040,Student 0040,student0040@example.edu.vn,Sinh hoc,An toan thong tin,K24,ACTIVE
22000041,Student 0041,student0041@example.edu.vn,CNTT,Khoa hoc may tinh,K21,ACTIVE
22000042,Student 0042,student0042@example.edu.vn,Toan-Tin,Ky thuat phan mem,K22,ACTIVE
22000043,Student 0043,student0043@example.edu.vn,Vat ly,He thong thong tin,K23,ACTIVE
22000044,Student 0044,student0044@example.edu.vn,Hoa hoc,Tri tue nhan tao,K24,ACTIVE
22000045,Student 0045,student0045@example.edu.vn,Sinh hoc,An toan thong tin,K21,ACTIVE
22000046,Student 0046,student0046@example.edu.vn,CNTT,Khoa hoc may tinh,K22,ACTIVE
22000047,Student 0047,student0047@example.edu.vn,Toan-Tin,Ky thuat phan mem,K23,ACTIVE
22000048,Student 0048,student0048@example.edu.vn,Vat ly,He thong thong tin,K24,ACTIVE
22000049,Student 0049,student0049@example.edu.vn,Hoa hoc,Tri tue nhan tao,K21,ACTIVE
22000050,Student 0050,student0050@example.edu.vn,Sinh hoc,An toan thong tin,K22,ACTIVE
22000051,Student 0051,student0051@example.edu.vn,CNTT,Khoa hoc may tinh,K23,ACTIVE
22000052,Student 0052,student0052@example.edu.vn,Toan-Tin,Ky thuat phan mem,K24,ACTIVE
22000053,Student 0053,student0053@example.edu.vn,Vat ly,He thong thong tin,K21,ACTIVE
22000054,Student 0054,student0054@example.edu.vn,Hoa hoc,Tri tue nhan tao,K22,ACTIVE
22000055,Student 0055,student0055@example.edu.vn,Sinh hoc,An toan thong tin,K23,ACTIVE
22000056,Student 0056,student0056@example.edu.vn,CNTT,Khoa hoc may tinh,K24,ACTIVE
22000057,Student 0057,student0057@example.edu.vn,Toan-Tin,Ky thuat phan mem,K21,ACTIVE
22000058,Student 0058,student0058@example.edu.vn,Vat ly,He thong thong tin,K22,ACTIVE
22000059,Student 0059,student0059@example.edu.vn,Hoa hoc,Tri tue nhan tao,K23,ACTIVE
22000060,Student 0060,student0060@example.edu.vn,Sinh hoc,An toan thong tin,K24,ACTIVE
22000061,Student 0061,student0061@example.edu.vn,CNTT,Khoa hoc may tinh,K21,ACTIVE
22000062,Student 0062,student0062@example.edu.vn,Toan-Tin,Ky thuat phan mem,K22,ACTIVE
22000063,Student 0063,student0063@example.edu.vn,Vat ly,He thong thong tin,K23,ACTIVE
22000064,Student 0064,student0064@example.edu.vn,Hoa hoc,Tri tue nhan tao,K24,ACTIVE
22000065,Student 0065,student0065@example.edu.vn,Sinh hoc,An toan thong tin,K21,ACTIVE
22000066,Student 0066,student0066@example.edu.vn,CNTT,Khoa hoc may tinh,K22,ACTIVE
22000067,Student 0067,student0067@example.edu.vn,Toan-Tin,Ky thuat phan mem,K23,ACTIVE
22000068,Student 0068,student0068@example.edu.vn,Vat ly,He thong thong tin,K24,ACTIVE
22000069,Student 0069,student0069@example.edu.vn,Hoa hoc,Tri tue nhan tao,K21,ACTIVE
22000070,Student 0070,student0070@example.edu.vn,Sinh hoc,An toan thong tin,K22,ACTIVE
22000071,Student 0071,student0071@example.edu.vn,CNTT,Khoa hoc may tinh,K23,ACTIVE
22000072,Student 0072,student0072@example.edu.vn,Toan-Tin,Ky thuat phan mem,K24,ACTIVE
22000073,Student 0073,student0073@example.edu.vn,Vat ly,He thong thong tin,K21,ACTIVE
22000074,Student 0074,student0074@example.edu.vn,Hoa hoc,Tri tue nhan tao,K22,ACTIVE
22000075,Student 0075,student0075@example.edu.vn,Sinh hoc,An toan thong tin,K23,ACTIVE
22000076,Student 0076,student0076@example.edu.vn,CNTT,Khoa hoc may tinh,K24,ACTIVE
22000077,Student 0077,student0077@example.edu.vn,Toan-Tin,Ky thuat phan mem,K21,ACTIVE
22000078,Student 0078,student0078@example.edu.vn,Vat ly,He thong thong tin,K22,ACTIVE
22000079,Student 0079,student0079@example.edu.vn,Hoa hoc,Tri tue nhan tao,K23,ACTIVE
22000080,Student 0080,student0080@example.edu.vn,Sinh hoc,An toan thong tin,K24,ACTIVE
22000081,Student 0081,student0081@example.edu.vn,CNTT,Khoa hoc may tinh,K21,ACTIVE
22000082,Student 0082,student0082@example.edu.vn,Toan-Tin,Ky thuat phan mem,K22,ACTIVE
22000083,Student 0083,student0083@example.edu.vn,Vat ly,He thong thong tin,K23,ACTIVE
22000084,Student 0084,student0084@example.edu.vn,Hoa hoc,Tri tue nhan tao,K24,ACTIVE
22000085,Student 0085,student0085@example.edu.vn,Sinh hoc,An toan thong tin,K21,ACTIVE
22000086,Student 0086,student0086@example.edu.vn,CNTT,Khoa hoc may tinh,K22,ACTIVE
22000087,Student 0087,student0087@example.edu.vn,Toan-Tin,Ky thuat phan mem,K23,ACTIVE
22000088,Student 0088,student0088@example.edu.vn,Vat ly,He thong thong tin,K24,ACTIVE
22000089,Student 0089,student0089@example.edu.vn,Hoa hoc,Tri tue nhan tao,K21,ACTIVE
22000090,Student 0090,student0090@example.edu.vn,Sinh hoc,An toan thong tin,K22,ACTIVE
22000091,Student 0091,student0091@example.edu.vn,CNTT,Khoa hoc may tinh,K23,ACTIVE
22000092,Student 0092,student0092@example.edu.vn,Toan-Tin,Ky thuat phan mem,K24,ACTIVE
22000093,Student 0093,student0093@example.edu.vn,Vat ly,He thong thong tin,K21,ACTIVE
22000094,Student 0094,student0094@example.edu.vn,Hoa hoc,Tri tue nhan tao,K22,ACTIVE
22000095,Student 0095,student0095@example.edu.vn,Sinh hoc,An toan thong tin,K23,ACTIVE
22000096,Student 0096,student0096@example.edu.vn,CNTT,Khoa hoc may tinh,K24,ACTIVE
22000097,Student 0097,student0097@example.edu.vn,Toan-Tin,Ky thuat phan mem,K21,ACTIVE
22000098,Student 0098,student0098@example.edu.vn,Vat ly,He thong thong tin,K22,ACTIVE
22000099,Student 0099,student0099@example.edu.vn,Hoa hoc,Tri tue nhan tao,K23,ACTIVE
22000100,Student 0100,student0100@example.edu.vn,Sinh hoc,An toan thong tin,K24,ACTIVE
22000101,Student 0101,student0101@example.edu.vn,CNTT,Khoa hoc may tinh,K21,ACTIVE
22000102,Student 0102,student0102@example.edu.vn,Toan-Tin,Ky thuat phan mem,K22,ACTIVE
22000103,Student 0103,student0103@example.edu.vn,Vat ly,He thong thong tin,K23,ACTIVE
22000104,Student 0104,student0104@example.edu.vn,Hoa hoc,Tri tue nhan tao,K24,ACTIVE
22000105,Student 0105,student0105@example.edu.vn,Sinh hoc,An toan thong tin,K21,ACTIVE
22000106,Student 0106,student0106@example.edu.vn,CNTT,Khoa hoc may tinh,K22,ACTIVE
22000107,Student 0107,student0107@example.edu.vn,Toan-Tin,Ky thuat phan mem,K23,ACTIVE
22000108,Student 0108,student0108@example.edu.vn,Vat ly,He thong thong tin,K24,ACTIVE
22000109,Student 0109,student0109@example.edu.vn,Hoa hoc,Tri tue nhan tao,K21,ACTIVE
22000110,Student 0110,student0110@example.edu.vn,Sinh hoc,An toan thong tin,K22,ACTIVE
22000111,Student 0111,student0111@example.edu.vn,CNTT,Khoa hoc may tinh,K23,ACTIVE
22000112,Student 0112,student0112@example.edu.vn,Toan-Tin,Ky thuat phan mem,K24,ACTIVE
22000113,Student 0113,student0113@example.edu.vn,Vat ly,He thong thong tin,K21,ACTIVE
22000114,Student 0114,student0114@example.edu.vn,Hoa hoc,Tri tue nhan tao,K22,ACTIVE
22000115,Student 0115,student0115@example.edu.vn,Sinh hoc,An toan thong tin,K23,ACTIVE
22000116,Student 0116,student0116@example.edu.vn,CNTT,Khoa hoc may tinh,K24,ACTIVE
22000117,Student 0117,student0117@example.edu.vn,Toan-Tin,Ky thuat phan mem,K21,ACTIVE
22000118,Student 0118,student0118@example.edu.vn,Vat ly,He thong thong tin,K22,ACTIVE
22000119,Student 0119,student0119@example.edu.vn,Hoa hoc,Tri tue nhan tao,K23,ACTIVE
22000120,Student 0120,student0120@example.edu.vn,Sinh hoc,An toan thong tin,K24,ACTIVE
22000121,Student 0121,student0121@example.edu.vn,CNTT,Khoa hoc may tinh,K21,ACTIVE
22000122,Student 0122,student0122@example.edu.vn,Toan-Tin,Ky thuat phan mem,K22,ACTIVE
22000123,Student 0123,student0123@example.edu.vn,Vat ly,He thong thong tin,K23,ACTIVE
22000124,Student 0124,student0124@example.edu.vn,Hoa hoc,Tri tue nhan tao,K24,ACTIVE
22000125,Student 0125,student0125@example.edu.vn,Sinh hoc,An toan thong tin,K21,ACTIVE
22000126,Student 0126,student0126@example.edu.vn,CNTT,Khoa hoc may tinh,K22,ACTIVE
22000127,Student 0127,student0127@example.edu.vn,Toan-Tin,Ky thuat phan mem,K23,ACTIVE
22000128,Student 0128,student0128@example.edu.vn,Vat ly,He thong thong tin,K24,ACTIVE
22000129,Student 0129,student0129@example.edu.vn,Hoa hoc,Tri tue nhan tao,K21,ACTIVE
22000130,Student 0130,student0130@example.edu.vn,Sinh hoc,An toan thong tin,K22,ACTIVE
22000131,Student 0131,student0131@example.edu.vn,CNTT,Khoa hoc may tinh,K23,ACTIVE
22000132,Student 0132,student0132@example.edu.vn,Toan-Tin,Ky thuat phan mem,K24,ACTIVE
22000133,Student 0133,student0133@example.edu.vn,Vat ly,He thong thong tin,K21,ACTIVE
22000134,Student 0134,student0134@example.edu.vn,Hoa hoc,Tri tue nhan tao,K22,ACTIVE
22000135,Student 0135,student0135@example.edu.vn,Sinh hoc,An toan thong tin,K23,ACTIVE
22000136,Student 0136,student0136@example.edu.vn,CNTT,Khoa hoc may tinh,K24,ACTIVE
22000137,Student 0137,student0137@example.edu.vn,Toan-Tin,Ky thuat phan mem,K21,ACTIVE
22000138,Student 0138,student0138@example.edu.vn,Vat ly,He thong thong tin,K22,ACTIVE
22000139,Student 0139,student0139@example.edu.vn,Hoa hoc,Tri tue nhan tao,K23,ACTIVE
22000140,Student 0140,student0140@example.edu.vn,Sinh hoc,An toan thong tin,K24,ACTIVE
22000141,Student 0141,student0141@example.edu.vn,CNTT,Khoa hoc may tinh,K21,ACTIVE
22000142,Student 0142,student0142@example.edu.vn,Toan-Tin,Ky thuat phan mem,K22,ACTIVE
22000143,Student 0143,student0143@example.edu.vn,Vat ly,He thong thong tin,K23,ACTIVE
22000144,Student 0144,student0144@example.edu.vn,Hoa hoc,Tri tue nhan tao,K24,ACTIVE
22000145,Student 0145,student0145@example.edu.vn,Sinh hoc,An toan thong tin,K21,ACTIVE
22000146,Student 0146,student0146@example.edu.vn,CNTT,Khoa hoc may tinh,K22,ACTIVE
22000147,Student 0147,student0147@example.edu.vn,Toan-Tin,Ky thuat phan mem,K23,ACTIVE
22000148,Student 0148,student0148@example.edu.vn,Vat ly,He thong thong tin,K24,ACTIVE
22000149,Student 0149,student0149@example.edu.vn,Hoa hoc,Tri tue nhan tao,K21,ACTIVE
22000150,Student 0150,student0150@example.edu.vn,Sinh hoc,An toan thong tin,K22,ACTIVE
22000151,Student 0151,student0151@example.edu.vn,CNTT,Khoa hoc may tinh,K23,ACTIVE
22000152,Student 0152,student0152@example.edu.vn,Toan-Tin,Ky thuat phan mem,K24,ACTIVE
22000153,Student 0153,student0153@example.edu.vn,Vat ly,He thong thong tin,K21,ACTIVE
22000154,Student 0154,student0154@example.edu.vn,Hoa hoc,Tri tue nhan tao,K22,ACTIVE
22000155,Student 0155,student0155@example.edu.vn,Sinh hoc,An toan thong tin,K23,ACTIVE
22000156,Student 0156,student0156@example.edu.vn,CNTT,Khoa hoc may tinh,K24,ACTIVE
22000157,Student 0157,student0157@example.edu.vn,Toan-Tin,Ky thuat phan mem,K21,ACTIVE
22000158,Student 0158,student0158@example.edu.vn,Vat ly,He thong thong tin,K22,ACTIVE
22000159,Student 0159,student0159@example.edu.vn,Hoa hoc,Tri tue nhan tao,K23,ACTIVE
22000160,Student 0160,student0160@example.edu.vn,Sinh hoc,An toan thong tin,K24,ACTIVE
22000161,Student 0161,student0161@example.edu.vn,CNTT,Khoa hoc may tinh,K21,ACTIVE
22000162,Student 0162,student0162@example.edu.vn,Toan-Tin,Ky thuat phan mem,K22,ACTIVE
22000163,Student 0163,student0163@example.edu.vn,Vat ly,He thong thong tin,K23,ACTIVE
22000164,Student 0164,student0164@example.edu.vn,Hoa hoc,Tri tue nhan tao,K24,ACTIVE
22000165,Student 0165,student0165@example.edu.vn,Sinh hoc,An toan thong tin,K21,ACTIVE
22000166,Student 0166,student0166@example.edu.vn,CNTT,Khoa hoc may tinh,K22,ACTIVE
22000167,Student 0167,student0167@example.edu.vn,Toan-Tin,Ky thuat phan mem,K23,ACTIVE
22000168,Student 0168,student0168@example.edu.vn,Vat ly,He thong thong tin,K24,ACTIVE
22000169,Student 0169,student0169@example.edu.vn,Hoa hoc,Tri tue nhan tao,K21,ACTIVE
22000170,Student 0170,student0170@example.edu.vn,Sinh hoc,An toan thong tin,K22,ACTIVE
22000171,Student 0171,student0171@example.edu.vn,CNTT,Khoa hoc may tinh,K23,ACTIVE
22000172,Student 0172,student0172@example.edu.vn,Toan-Tin,Ky thuat phan mem,K24,ACTIVE
22000173,Student 0173,student0173@example.edu.vn,Vat ly,He thong thong tin,K21,ACTIVE
22000174,Student 0174,student0174@example.edu.vn,Hoa hoc,Tri tue nhan tao,K22,ACTIVE
22000175,Student 0175,student0175@example.edu.vn,Sinh hoc,An toan thong tin,K23,ACTIVE
22000176,Student 0176,student0176@example.edu.vn,CNTT,Khoa hoc may tinh,K24,ACTIVE
22000177,Student 0177,student0177@example.edu.vn,Toan-Tin,Ky thuat phan mem,K21,ACTIVE
22000178,Student 0178,student0178@example.edu.vn,Vat ly,He thong thong tin,K22,ACTIVE
22000179,Student 0179,student0179@example.edu.vn,Hoa hoc,Tri tue nhan tao,K23,ACTIVE
22000180,Student 0180,student0180@example.edu.vn,Sinh hoc,An toan thong tin,K24,ACTIVE
22000181,Student 0181,student0181@example.edu.vn,CNTT,Khoa hoc may tinh,K21,ACTIVE
22000182,Student 0182,student0182@example.edu.vn,Toan-Tin,Ky thuat phan mem,K22,ACTIVE
22000183,Student 0183,student0183@example.edu.vn,Vat ly,He thong thong tin,K23,ACTIVE
22000184,Student 0184,student0184@example.edu.vn,Hoa hoc,Tri tue nhan tao,K24,ACTIVE
22000185,Student 0185,student0185@example.edu.vn,Sinh hoc,An toan thong tin,K21,ACTIVE
22000186,Student 0186,student0186@example.edu.vn,CNTT,Khoa hoc may tinh,K22,ACTIVE
22000187,Student 0187,student0187@example.edu.vn,Toan-Tin,Ky thuat phan mem,K23,ACTIVE
22000188,Student 0188,student0188@example.edu.vn,Vat ly,He thong thong tin,K24,ACTIVE
22000189,Student 0189,student0189@example.edu.vn,Hoa hoc,Tri tue nhan tao,K21,ACTIVE
22000190,Student 0190,student0190@example.edu.vn,Sinh hoc,An toan thong tin,K22,ACTIVE
22000191,Student 0191,student0191@example.edu.vn,CNTT,Khoa hoc may tinh,K23,ACTIVE
22000192,Student 0192,student0192@example.edu.vn,Toan-Tin,Ky thuat phan mem,K24,ACTIVE
22000193,Student 0193,student0193@example.edu.vn,Vat ly,He thong thong tin,K21,ACTIVE
22000194,Student 0194,student0194@example.edu.vn,Hoa hoc,Tri tue nhan tao,K22,ACTIVE
22000195,Student 0195,student0195@example.edu.vn,Sinh hoc,An toan thong tin,K23,ACTIVE
22000196,Student 0196,student0196@example.edu.vn,CNTT,Khoa hoc may tinh,K24,ACTIVE
22000197,Student 0197,student0197@example.edu.vn,Toan-Tin,Ky thuat phan mem,K21,ACTIVE
22000198,Student 0198,student0198@example.edu.vn,Vat ly,He thong thong tin,K22,ACTIVE
22000199,Student 0199,student0199@example.edu.vn,Hoa hoc,Tri tue nhan tao,K23,ACTIVE
22000200,Student 0200,student0200@example.edu.vn,Sinh hoc,An toan thong tin,K24,ACTIVE
22000201,Student 0201,student0201@example.edu.vn,CNTT,Khoa hoc may tinh,K21,ACTIVE
22000202,Student 0202,student0202@example.edu.vn,Toan-Tin,Ky thuat phan mem,K22,ACTIVE
22000203,Student 0203,student0203@example.edu.vn,Vat ly,He thong thong tin,K23,ACTIVE
22000204,Student 0204,student0204@example.edu.vn,Hoa hoc,Tri tue nhan tao,K24,ACTIVE
22000205,Student 0205,student0205@example.edu.vn,Sinh hoc,An toan thong tin,K21,ACTIVE
22000206,Student 0206,student0206@example.edu.vn,CNTT,Khoa hoc may tinh,K22,ACTIVE
22000207,Student 0207,student0207@example.edu.vn,Toan-Tin,Ky thuat phan mem,K23,ACTIVE
22000208,Student 0208,student0208@example.edu.vn,Vat ly,He thong thong tin,K24,ACTIVE
22000209,Student 0209,student0209@example.edu.vn,Hoa hoc,Tri tue nhan tao,K21,ACTIVE
22000210,Student 0210,student0210@example.edu.vn,Sinh hoc,An toan thong tin,K22,ACTIVE
22000211,Student 0211,student0211@example.edu.vn,CNTT,Khoa hoc may tinh,K23,ACTIVE
22000212,Student 0212,student0212@example.edu.vn,Toan-Tin,Ky thuat phan mem,K24,ACTIVE
22000213,Student 0213,student0213@example.edu.vn,Vat ly,He thong thong tin,K21,ACTIVE
22000214,Student 0214,student0214@example.edu.vn,Hoa hoc,Tri tue nhan tao,K22,ACTIVE
22000215,Student 0215,student0215@example.edu.vn,Sinh hoc,An toan thong tin,K23,ACTIVE
22000216,Student 0216,student0216@example.edu.vn,CNTT,Khoa hoc may tinh,K24,ACTIVE
22000217,Student 0217,student0217@example.edu.vn,Toan-Tin,Ky thuat phan mem,K21,ACTIVE
22000218,Student 0218,student0218@example.edu.vn,Vat ly,He thong thong tin,K22,ACTIVE
22000219,Student 0219,student0219@example.edu.vn,Hoa hoc,Tri tue nhan tao,K23,ACTIVE
22000220,Student 0220,student0220@example.edu.vn,Sinh hoc,An toan thong tin,K24,ACTIVE
22000221,Student 0221,student0221@example.edu.vn,CNTT,Khoa hoc may tinh,K21,ACTIVE
22000222,Student 0222,student0222@example.edu.vn,Toan-Tin,Ky thuat phan mem,K22,ACTIVE
22000223,Student 0223,student0223@example.edu.vn,Vat ly,He thong thong tin,K23,ACTIVE
22000224,Student 0224,student0224@example.edu.vn,Hoa hoc,Tri tue nhan tao,K24,ACTIVE
22000225,Student 0225,student0225@example.edu.vn,Sinh hoc,An toan thong tin,K21,ACTIVE
22000226,Student 0226,student0226@example.edu.vn,CNTT,Khoa hoc may tinh,K22,ACTIVE
22000227,Student 0227,student0227@example.edu.vn,Toan-Tin,Ky thuat phan mem,K23,ACTIVE
22000228,Student 0228,student0228@example.edu.vn,Vat ly,He thong thong tin,K24,ACTIVE
22000229,Student 0229,student0229@example.edu.vn,Hoa hoc,Tri tue nhan tao,K21,ACTIVE
22000230,Student 0230,student0230@example.edu.vn,Sinh hoc,An toan thong tin,K22,ACTIVE
22000231,Student 0231,student0231@example.edu.vn,CNTT,Khoa hoc may tinh,K23,ACTIVE
22000232,Student 0232,student0232@example.edu.vn,Toan-Tin,Ky thuat phan mem,K24,ACTIVE
22000233,Student 0233,student0233@example.edu.vn,Vat ly,He thong thong tin,K21,ACTIVE
22000234,Student 0234,student0234@example.edu.vn,Hoa hoc,Tri tue nhan tao,K22,ACTIVE
22000235,Student 0235,student0235@example.edu.vn,Sinh hoc,An toan thong tin,K23,ACTIVE
22000236,Student 0236,student0236@example.edu.vn,CNTT,Khoa hoc may tinh,K24,ACTIVE
22000237,Student 0237,student0237@example.edu.vn,Toan-Tin,Ky thuat phan mem,K21,ACTIVE
22000238,Student 0238,student0238@example.edu.vn,Vat ly,He thong thong tin,K22,ACTIVE
22000239,Student 0239,student0239@example.edu.vn,Hoa hoc,Tri tue nhan tao,K23,ACTIVE
22000240,Student 0240,student0240@example.edu.vn,Sinh hoc,An toan thong tin,K24,ACTIVE
22000241,Student 0241,student0241@example.edu.vn,CNTT,Khoa hoc may tinh,K21,ACTIVE
22000242,Student 0242,student0242@example.edu.vn,Toan-Tin,Ky thuat phan mem,K22,ACTIVE
22000243,Student 0243,student0243@example.edu.vn,Vat ly,He thong thong tin,K23,ACTIVE
22000244,Student 0244,student0244@example.edu.vn,Hoa hoc,Tri tue nhan tao,K24,ACTIVE
22000245,Student 0245,student0245@example.edu.vn,Sinh hoc,An toan thong tin,K21,ACTIVE
22000246,Student 0246,student0246@example.edu.vn,CNTT,Khoa hoc may tinh,K22,ACTIVE
22000247,Student 0247,student0247@example.edu.vn,Toan-Tin,Ky thuat phan mem,K23,ACTIVE
22000248,Student 0248,student0248@example.edu.vn,Vat ly,He thong thong tin,K24,ACTIVE
22000249,Student 0249,student0249@example.edu.vn,Hoa hoc,Tri tue nhan tao,K21,ACTIVE
22000250,Student 0250,student0250@example.edu.vn,Sinh hoc,An toan thong tin,K22,ACTIVE
22000251,Student 0251,student0251@example.edu.vn,CNTT,Khoa hoc may tinh,K23,ACTIVE
22000252,Student 0252,student0252@example.edu.vn,Toan-Tin,Ky thuat phan mem,K24,ACTIVE
22000253,Student 0253,student0253@example.edu.vn,Vat ly,He thong thong tin,K21,ACTIVE
22000254,Student 0254,student0254@example.edu.vn,Hoa hoc,Tri tue nhan tao,K22,ACTIVE
22000255,Student 0255,student0255@example.edu.vn,Sinh hoc,An toan thong tin,K23,ACTIVE
22000256,Student 0256,student0256@example.edu.vn,CNTT,Khoa hoc may tinh,K24,ACTIVE
22000257,Student 0257,student0257@example.edu.vn,Toan-Tin,Ky thuat phan mem,K21,ACTIVE
22000258,Student 0258,student0258@example.edu.vn,Vat ly,He thong thong tin,K22,ACTIVE
22000259,Student 0259,student0259@example.edu.vn,Hoa hoc,Tri tue nhan tao,K23,ACTIVE
22000260,Student 0260,student0260@example.edu.vn,Sinh hoc,An toan thong tin,K24,ACTIVE
22000261,Student 0261,student0261@example.edu.vn,CNTT,Khoa hoc may tinh,K21,ACTIVE
22000262,Student 0262,student0262@example.edu.vn,Toan-Tin,Ky thuat phan mem,K22,ACTIVE
22000263,Student 0263,student0263@example.edu.vn,Vat ly,He thong thong tin,K23,ACTIVE
22000264,Student 0264,student0264@example.edu.vn,Hoa hoc,Tri tue nhan tao,K24,ACTIVE
22000265,Student 0265,student0265@example.edu.vn,Sinh hoc,An toan thong tin,K21,ACTIVE
22000266,Student 0266,student0266@example.edu.vn,CNTT,Khoa hoc may tinh,K22,ACTIVE
22000267,Student 0267,student0267@example.edu.vn,Toan-Tin,Ky thuat phan mem,K23,ACTIVE
22000268,Student 0268,student0268@example.edu.vn,Vat ly,He thong thong tin,K24,ACTIVE
22000269,Student 0269,student0269@example.edu.vn,Hoa hoc,Tri tue nhan tao,K21,ACTIVE
22000270,Student 0270,student0270@example.edu.vn,Sinh hoc,An toan thong tin,K22,ACTIVE
22000271,Student 0271,student0271@example.edu.vn,CNTT,Khoa hoc may tinh,K23,ACTIVE
22000272,Student 0272,student0272@example.edu.vn,Toan-Tin,Ky thuat phan mem,K24,ACTIVE
22000273,Student 0273,student0273@example.edu.vn,Vat ly,He thong thong tin,K21,ACTIVE
22000274,Student 0274,student0274@example.edu.vn,Hoa hoc,Tri tue nhan tao,K22,ACTIVE
22000275,Student 0275,student0275@example.edu.vn,Sinh hoc,An toan thong tin,K23,ACTIVE
22000276,Student 0276,student0276@example.edu.vn,CNTT,Khoa hoc may tinh,K24,ACTIVE
22000277,Student 0277,student0277@example.edu.vn,Toan-Tin,Ky thuat phan mem,K21,ACTIVE
22000278,Student 0278,student0278@example.edu.vn,Vat ly,He thong thong tin,K22,ACTIVE
22000279,Student 0279,student0279@example.edu.vn,Hoa hoc,Tri tue nhan tao,K23,ACTIVE
22000280,Student 0280,student0280@example.edu.vn,Sinh hoc,An toan thong tin,K24,ACTIVE
22000281,Student 0281,student0281@example.edu.vn,CNTT,Khoa hoc may tinh,K21,ACTIVE
22000282,Student 0282,student0282@example.edu.vn,Toan-Tin,Ky thuat phan mem,K22,ACTIVE
22000283,Student 0283,student0283@example.edu.vn,Vat ly,He thong thong tin,K23,ACTIVE
22000284,Student 0284,student0284@example.edu.vn,Hoa hoc,Tri tue nhan tao,K24,ACTIVE
22000285,Student 0285,student0285@example.edu.vn,Sinh hoc,An toan thong tin,K21,ACTIVE
22000286,Student 0286,student0286@example.edu.vn,CNTT,Khoa hoc may tinh,K22,ACTIVE
22000287,Student 0287,student0287@example.edu.vn,Toan-Tin,Ky thuat phan mem,K23,ACTIVE
22000288,Student 0288,student0288@example.edu.vn,Vat ly,He thong thong tin,K24,ACTIVE
22000289,Student 0289,student0289@example.edu.vn,Hoa hoc,Tri tue nhan tao,K21,ACTIVE
22000290,Student 0290,student0290@example.edu.vn,Sinh hoc,An toan thong tin,K22,ACTIVE
22000291,Student 0291,student0291@example.edu.vn,CNTT,Khoa hoc may tinh,K23,ACTIVE
22000292,Student 0292,student0292@example.edu.vn,Toan-Tin,Ky thuat phan mem,K24,ACTIVE
22000293,Student 0293,student0293@example.edu.vn,Vat ly,He thong thong tin,K21,ACTIVE
22000294,Student 0294,student0294@example.edu.vn,Hoa hoc,Tri tue nhan tao,K22,ACTIVE
22000295,Student 0295,student0295@example.edu.vn,Sinh hoc,An toan thong tin,K23,ACTIVE
22000296,Student 0296,student0296@example.edu.vn,CNTT,Khoa hoc may tinh,K24,ACTIVE
22000297,Student 0297,student0297@example.edu.vn,Toan-Tin,Ky thuat phan mem,K21,ACTIVE
22000298,Student 0298,student0298@example.edu.vn,Vat ly,He thong thong tin,K22,ACTIVE
22000299,Student 0299,student0299@example.edu.vn,Hoa hoc,Tri tue nhan tao,K23,ACTIVE
22000300,Student 0300,student0300@example.edu.vn,Sinh hoc,An toan thong tin,K24,ACTIVE
22000301,Student 0301,student0301@example.edu.vn,CNTT,Khoa hoc may tinh,K21,ACTIVE
22000302,Student 0302,student0302@example.edu.vn,Toan-Tin,Ky thuat phan mem,K22,ACTIVE
22000303,Student 0303,student0303@example.edu.vn,Vat ly,He thong thong tin,K23,ACTIVE
22000304,Student 0304,student0304@example.edu.vn,Hoa hoc,Tri tue nhan tao,K24,ACTIVE
22000305,Student 0305,student0305@example.edu.vn,Sinh hoc,An toan thong tin,K21,ACTIVE
22000306,Student 0306,student0306@example.edu.vn,CNTT,Khoa hoc may tinh,K22,ACTIVE
22000307,Student 0307,student0307@example.edu.vn,Toan-Tin,Ky thuat phan mem,K23,ACTIVE
22000308,Student 0308,student0308@example.edu.vn,Vat ly,He thong thong tin,K24,ACTIVE
22000309,Student 0309,student0309@example.edu.vn,Hoa hoc,Tri tue nhan tao,K21,ACTIVE
22000310,Student 0310,student0310@example.edu.vn,Sinh hoc,An toan thong tin,K22,ACTIVE
22000311,Student 0311,student0311@example.edu.vn,CNTT,Khoa hoc may tinh,K23,ACTIVE
22000312,Student 0312,student0312@example.edu.vn,Toan-Tin,Ky thuat phan mem,K24,ACTIVE
22000313,Student 0313,student0313@example.edu.vn,Vat ly,He thong thong tin,K21,ACTIVE
22000314,Student 0314,student0314@example.edu.vn,Hoa hoc,Tri tue nhan tao,K22,ACTIVE
22000315,Student 0315,student0315@example.edu.vn,Sinh hoc,An toan thong tin,K23,ACTIVE
22000316,Student 0316,student0316@example.edu.vn,CNTT,Khoa hoc may tinh,K24,ACTIVE
22000317,Student 0317,student0317@example.edu.vn,Toan-Tin,Ky thuat phan mem,K21,ACTIVE
22000318,Student 0318,student0318@example.edu.vn,Vat ly,He thong thong tin,K22,ACTIVE
22000319,Student 0319,student0319@example.edu.vn,Hoa hoc,Tri tue nhan tao,K23,ACTIVE
22000320,Student 0320,student0320@example.edu.vn,Sinh hoc,An toan thong tin,K24,ACTIVE
22000321,Student 0321,student0321@example.edu.vn,CNTT,Khoa hoc may tinh,K21,ACTIVE
22000322,Student 0322,student0322@example.edu.vn,Toan-Tin,Ky thuat phan mem,K22,ACTIVE
22000323,Student 0323,student0323@example.edu.vn,Vat ly,He thong thong tin,K23,ACTIVE
22000324,Student 0324,student0324@example.edu.vn,Hoa hoc,Tri tue nhan tao,K24,ACTIVE
22000325,Student 0325,student0325@example.edu.vn,Sinh hoc,An toan thong tin,K21,ACTIVE
22000326,Student 0326,student0326@example.edu.vn,CNTT,Khoa hoc may tinh,K22,ACTIVE
22000327,Student 0327,student0327@example.edu.vn,Toan-Tin,Ky thuat phan mem,K23,ACTIVE
22000328,Student 0328,student0328@example.edu.vn,Vat ly,He thong thong tin,K24,ACTIVE
22000329,Student 0329,student0329@example.edu.vn,Hoa hoc,Tri tue nhan tao,K21,ACTIVE
22000330,Student 0330,student0330@example.edu.vn,Sinh hoc,An toan thong tin,K22,ACTIVE
22000331,Student 0331,student0331@example.edu.vn,CNTT,Khoa hoc may tinh,K23,ACTIVE
22000332,Student 0332,student0332@example.edu.vn,Toan-Tin,Ky thuat phan mem,K24,ACTIVE
22000333,Student 0333,student0333@example.edu.vn,Vat ly,He thong thong tin,K21,ACTIVE
22000334,Student 0334,student0334@example.edu.vn,Hoa hoc,Tri tue nhan tao,K22,ACTIVE
22000335,Student 0335,student0335@example.edu.vn,Sinh hoc,An toan thong tin,K23,ACTIVE
22000336,Student 0336,student0336@example.edu.vn,CNTT,Khoa hoc may tinh,K24,ACTIVE
22000337,Student 0337,student0337@example.edu.vn,Toan-Tin,Ky thuat phan mem,K21,ACTIVE
22000338,Student 0338,student0338@example.edu.vn,Vat ly,He thong thong tin,K22,ACTIVE
22000339,Student 0339,student0339@example.edu.vn,Hoa hoc,Tri tue nhan tao,K23,ACTIVE
22000340,Student 0340,student0340@example.edu.vn,Sinh hoc,An toan thong tin,K24,ACTIVE
22000341,Student 0341,student0341@example.edu.vn,CNTT,Khoa hoc may tinh,K21,ACTIVE
22000342,Student 0342,student0342@example.edu.vn,Toan-Tin,Ky thuat phan mem,K22,ACTIVE
22000343,Student 0343,student0343@example.edu.vn,Vat ly,He thong thong tin,K23,ACTIVE
22000344,Student 0344,student0344@example.edu.vn,Hoa hoc,Tri tue nhan tao,K24,ACTIVE
22000345,Student 0345,student0345@example.edu.vn,Sinh hoc,An toan thong tin,K21,ACTIVE
22000346,Student 0346,student0346@example.edu.vn,CNTT,Khoa hoc may tinh,K22,ACTIVE
22000347,Student 0347,student0347@example.edu.vn,Toan-Tin,Ky thuat phan mem,K23,ACTIVE
22000348,Student 0348,student0348@example.edu.vn,Vat ly,He thong thong tin,K24,ACTIVE
22000349,Student 0349,student0349@example.edu.vn,Hoa hoc,Tri tue nhan tao,K21,ACTIVE
22000350,Student 0350,student0350@example.edu.vn,Sinh hoc,An toan thong tin,K22,ACTIVE
22000351,Student 0351,student0351@example.edu.vn,CNTT,Khoa hoc may tinh,K23,ACTIVE
22000352,Student 0352,student0352@example.edu.vn,Toan-Tin,Ky thuat phan mem,K24,ACTIVE
22000353,Student 0353,student0353@example.edu.vn,Vat ly,He thong thong tin,K21,ACTIVE
22000354,Student 0354,student0354@example.edu.vn,Hoa hoc,Tri tue nhan tao,K22,ACTIVE
22000355,Student 0355,student0355@example.edu.vn,Sinh hoc,An toan thong tin,K23,ACTIVE
22000356,Student 0356,student0356@example.edu.vn,CNTT,Khoa hoc may tinh,K24,ACTIVE
22000357,Student 0357,student0357@example.edu.vn,Toan-Tin,Ky thuat phan mem,K21,ACTIVE
22000358,Student 0358,student0358@example.edu.vn,Vat ly,He thong thong tin,K22,ACTIVE
22000359,Student 0359,student0359@example.edu.vn,Hoa hoc,Tri tue nhan tao,K23,ACTIVE
22000360,Student 0360,student0360@example.edu.vn,Sinh hoc,An toan thong tin,K24,ACTIVE
22000361,Student 0361,student0361@example.edu.vn,CNTT,Khoa hoc may tinh,K21,ACTIVE
22000362,Student 0362,student0362@example.edu.vn,Toan-Tin,Ky thuat phan mem,K22,ACTIVE
22000363,Student 0363,student0363@example.edu.vn,Vat ly,He thong thong tin,K23,ACTIVE
22000364,Student 0364,student0364@example.edu.vn,Hoa hoc,Tri tue nhan tao,K24,ACTIVE
22000365,Student 0365,student0365@example.edu.vn,Sinh hoc,An toan thong tin,K21,ACTIVE
22000366,Student 0366,student0366@example.edu.vn,CNTT,Khoa hoc may tinh,K22,ACTIVE
22000367,Student 0367,student0367@example.edu.vn,Toan-Tin,Ky thuat phan mem,K23,ACTIVE
22000368,Student 0368,student0368@example.edu.vn,Vat ly,He thong thong tin,K24,ACTIVE
22000369,Student 0369,student0369@example.edu.vn,Hoa hoc,Tri tue nhan tao,K21,ACTIVE
22000370,Student 0370,student0370@example.edu.vn,Sinh hoc,An toan thong tin,K22,ACTIVE
22000371,Student 0371,student0371@example.edu.vn,CNTT,Khoa hoc may tinh,K23,ACTIVE
22000372,Student 0372,student0372@example.edu.vn,Toan-Tin,Ky thuat phan mem,K24,ACTIVE
22000373,Student 0373,student0373@example.edu.vn,Vat ly,He thong thong tin,K21,ACTIVE
22000374,Student 0374,student0374@example.edu.vn,Hoa hoc,Tri tue nhan tao,K22,ACTIVE
22000375,Student 0375,student0375@example.edu.vn,Sinh hoc,An toan thong tin,K23,ACTIVE
22000376,Student 0376,student0376@example.edu.vn,CNTT,Khoa hoc may tinh,K24,ACTIVE
22000377,Student 0377,student0377@example.edu.vn,Toan-Tin,Ky thuat phan mem,K21,ACTIVE
22000378,Student 0378,student0378@example.edu.vn,Vat ly,He thong thong tin,K22,ACTIVE
22000379,Student 0379,student0379@example.edu.vn,Hoa hoc,Tri tue nhan tao,K23,ACTIVE
22000380,Student 0380,student0380@example.edu.vn,Sinh hoc,An toan thong tin,K24,ACTIVE
22000381,Student 0381,student0381@example.edu.vn,CNTT,Khoa hoc may tinh,K21,ACTIVE
22000382,Student 0382,student0382@example.edu.vn,Toan-Tin,Ky thuat phan mem,K22,ACTIVE
22000383,Student 0383,student0383@example.edu.vn,Vat ly,He thong thong tin,K23,ACTIVE
22000384,Student 0384,student0384@example.edu.vn,Hoa hoc,Tri tue nhan tao,K24,ACTIVE
22000385,Student 0385,student0385@example.edu.vn,Sinh hoc,An toan thong tin,K21,ACTIVE
22000386,Student 0386,student0386@example.edu.vn,CNTT,Khoa hoc may tinh,K22,ACTIVE
22000387,Student 0387,student0387@example.edu.vn,Toan-Tin,Ky thuat phan mem,K23,ACTIVE
22000388,Student 0388,student0388@example.edu.vn,Vat ly,He thong thong tin,K24,ACTIVE
22000389,Student 0389,student0389@example.edu.vn,Hoa hoc,Tri tue nhan tao,K21,ACTIVE
22000390,Student 0390,student0390@example.edu.vn,Sinh hoc,An toan thong tin,K22,ACTIVE
22000391,Student 0391,student0391@example.edu.vn,CNTT,Khoa hoc may tinh,K23,ACTIVE
22000392,Student 0392,student0392@example.edu.vn,Toan-Tin,Ky thuat phan mem,K24,ACTIVE
22000393,Student 0393,student0393@example.edu.vn,Vat ly,He thong thong tin,K21,ACTIVE
22000394,Student 0394,student0394@example.edu.vn,Hoa hoc,Tri tue nhan tao,K22,ACTIVE
22000395,Student 0395,student0395@example.edu.vn,Sinh hoc,An toan thong tin,K23,ACTIVE
22000396,Student 0396,student0396@example.edu.vn,CNTT,Khoa hoc may tinh,K24,ACTIVE
22000397,Student 0397,student0397@example.edu.vn,Toan-Tin,Ky thuat phan mem,K21,ACTIVE
22000398,Student 0398,student0398@example.edu.vn,Vat ly,He thong thong tin,K22,ACTIVE
22000399,Student 0399,student0399@example.edu.vn,Hoa hoc,Tri tue nhan tao,K23,ACTIVE
22000400,Student 0400,student0400@example.edu.vn,Sinh hoc,An toan thong tin,K24,ACTIVE
22000401,Student 0401,student0401@example.edu.vn,CNTT,Khoa hoc may tinh,K21,ACTIVE
22000402,Student 0402,student0402@example.edu.vn,Toan-Tin,Ky thuat phan mem,K22,ACTIVE
22000403,Student 0403,student0403@example.edu.vn,Vat ly,He thong thong tin,K23,ACTIVE
22000404,Student 0404,student0404@example.edu.vn,Hoa hoc,Tri tue nhan tao,K24,ACTIVE
22000405,Student 0405,student0405@example.edu.vn,Sinh hoc,An toan thong tin,K21,ACTIVE
22000406,Student 0406,student0406@example.edu.vn,CNTT,Khoa hoc may tinh,K22,ACTIVE
22000407,Student 0407,student0407@example.edu.vn,Toan-Tin,Ky thuat phan mem,K23,ACTIVE
22000408,Student 0408,student0408@example.edu.vn,Vat ly,He thong thong tin,K24,ACTIVE
22000409,Student 0409,student0409@example.edu.vn,Hoa hoc,Tri tue nhan tao,K21,ACTIVE
22000410,Student 0410,student0410@example.edu.vn,Sinh hoc,An toan thong tin,K22,ACTIVE
22000411,Student 0411,student0411@example.edu.vn,CNTT,Khoa hoc may tinh,K23,ACTIVE
22000412,Student 0412,student0412@example.edu.vn,Toan-Tin,Ky thuat phan mem,K24,ACTIVE
22000413,Student 0413,student0413@example.edu.vn,Vat ly,He thong thong tin,K21,ACTIVE
22000414,Student 0414,student0414@example.edu.vn,Hoa hoc,Tri tue nhan tao,K22,ACTIVE
22000415,Student 0415,student0415@example.edu.vn,Sinh hoc,An toan thong tin,K23,ACTIVE
22000416,Student 0416,student0416@example.edu.vn,CNTT,Khoa hoc may tinh,K24,ACTIVE
22000417,Student 0417,student0417@example.edu.vn,Toan-Tin,Ky thuat phan mem,K21,ACTIVE
22000418,Student 0418,student0418@example.edu.vn,Vat ly,He thong thong tin,K22,ACTIVE
22000419,Student 0419,student0419@example.edu.vn,Hoa hoc,Tri tue nhan tao,K23,ACTIVE
22000420,Student 0420,student0420@example.edu.vn,Sinh hoc,An toan thong tin,K24,ACTIVE
22000421,Student 0421,student0421@example.edu.vn,CNTT,Khoa hoc may tinh,K21,ACTIVE
22000422,Student 0422,student0422@example.edu.vn,Toan-Tin,Ky thuat phan mem,K22,ACTIVE
22000423,Student 0423,student0423@example.edu.vn,Vat ly,He thong thong tin,K23,ACTIVE
22000424,Student 0424,student0424@example.edu.vn,Hoa hoc,Tri tue nhan tao,K24,ACTIVE
22000425,Student 0425,student0425@example.edu.vn,Sinh hoc,An toan thong tin,K21,ACTIVE
22000426,Student 0426,student0426@example.edu.vn,CNTT,Khoa hoc may tinh,K22,ACTIVE
22000427,Student 0427,student0427@example.edu.vn,Toan-Tin,Ky thuat phan mem,K23,ACTIVE
22000428,Student 0428,student0428@example.edu.vn,Vat ly,He thong thong tin,K24,ACTIVE
22000429,Student 0429,student0429@example.edu.vn,Hoa hoc,Tri tue nhan tao,K21,ACTIVE
22000430,Student 0430,student0430@example.edu.vn,Sinh hoc,An toan thong tin,K22,ACTIVE
22000431,Student 0431,student0431@example.edu.vn,CNTT,Khoa hoc may tinh,K23,ACTIVE
22000432,Student 0432,student0432@example.edu.vn,Toan-Tin,Ky thuat phan mem,K24,ACTIVE
22000433,Student 0433,student0433@example.edu.vn,Vat ly,He thong thong tin,K21,ACTIVE
22000434,Student 0434,student0434@example.edu.vn,Hoa hoc,Tri tue nhan tao,K22,ACTIVE
22000435,Student 0435,student0435@example.edu.vn,Sinh hoc,An toan thong tin,K23,ACTIVE
22000436,Student 0436,student0436@example.edu.vn,CNTT,Khoa hoc may tinh,K24,ACTIVE
22000437,Student 0437,student0437@example.edu.vn,Toan-Tin,Ky thuat phan mem,K21,ACTIVE
22000438,Student 0438,student0438@example.edu.vn,Vat ly,He thong thong tin,K22,ACTIVE
22000439,Student 0439,student0439@example.edu.vn,Hoa hoc,Tri tue nhan tao,K23,ACTIVE
22000440,Student 0440,student0440@example.edu.vn,Sinh hoc,An toan thong tin,K24,ACTIVE
22000441,Student 0441,student0441@example.edu.vn,CNTT,Khoa hoc may tinh,K21,ACTIVE
22000442,Student 0442,student0442@example.edu.vn,Toan-Tin,Ky thuat phan mem,K22,ACTIVE
22000443,Student 0443,student0443@example.edu.vn,Vat ly,He thong thong tin,K23,ACTIVE
22000444,Student 0444,student0444@example.edu.vn,Hoa hoc,Tri tue nhan tao,K24,ACTIVE
22000445,Student 0445,student0445@example.edu.vn,Sinh hoc,An toan thong tin,K21,ACTIVE
22000446,Student 0446,student0446@example.edu.vn,CNTT,Khoa hoc may tinh,K22,ACTIVE
22000447,Student 0447,student0447@example.edu.vn,Toan-Tin,Ky thuat phan mem,K23,ACTIVE
22000448,Student 0448,student0448@example.edu.vn,Vat ly,He thong thong tin,K24,ACTIVE
22000449,Student 0449,student0449@example.edu.vn,Hoa hoc,Tri tue nhan tao,K21,ACTIVE
22000450,Student 0450,student0450@example.edu.vn,Sinh hoc,An toan thong tin,K22,ACTIVE
22000451,Student 0451,student0451@example.edu.vn,CNTT,Khoa hoc may tinh,K23,ACTIVE
22000452,Student 0452,student0452@example.edu.vn,Toan-Tin,Ky thuat phan mem,K24,ACTIVE
22000453,Student 0453,student0453@example.edu.vn,Vat ly,He thong thong tin,K21,ACTIVE
22000454,Student 0454,student0454@example.edu.vn,Hoa hoc,Tri tue nhan tao,K22,ACTIVE
22000455,Student 0455,student0455@example.edu.vn,Sinh hoc,An toan thong tin,K23,ACTIVE
22000456,Student 0456,student0456@example.edu.vn,CNTT,Khoa hoc may tinh,K24,ACTIVE
22000457,Student 0457,student0457@example.edu.vn,Toan-Tin,Ky thuat phan mem,K21,ACTIVE
22000458,Student 0458,student0458@example.edu.vn,Vat ly,He thong thong tin,K22,ACTIVE
22000459,Student 0459,student0459@example.edu.vn,Hoa hoc,Tri tue nhan tao,K23,ACTIVE
22000460,Student 0460,student0460@example.edu.vn,Sinh hoc,An toan thong tin,K24,ACTIVE
22000461,Student 0461,student0461@example.edu.vn,CNTT,Khoa hoc may tinh,K21,ACTIVE
22000462,Student 0462,student0462@example.edu.vn,Toan-Tin,Ky thuat phan mem,K22,ACTIVE
22000463,Student 0463,student0463@example.edu.vn,Vat ly,He thong thong tin,K23,ACTIVE
22000464,Student 0464,student0464@example.edu.vn,Hoa hoc,Tri tue nhan tao,K24,ACTIVE
22000465,Student 0465,student0465@example.edu.vn,Sinh hoc,An toan thong tin,K21,ACTIVE
22000466,Student 0466,student0466@example.edu.vn,CNTT,Khoa hoc may tinh,K22,ACTIVE
22000467,Student 0467,student0467@example.edu.vn,Toan-Tin,Ky thuat phan mem,K23,ACTIVE
22000468,Student 0468,student0468@example.edu.vn,Vat ly,He thong thong tin,K24,ACTIVE
22000469,Student 0469,student0469@example.edu.vn,Hoa hoc,Tri tue nhan tao,K21,ACTIVE
22000470,Student 0470,student0470@example.edu.vn,Sinh hoc,An toan thong tin,K22,ACTIVE
22000471,Student 0471,student0471@example.edu.vn,CNTT,Khoa hoc may tinh,K23,ACTIVE
22000472,Student 0472,student0472@example.edu.vn,Toan-Tin,Ky thuat phan mem,K24,ACTIVE
22000473,Student 0473,student0473@example.edu.vn,Vat ly,He thong thong tin,K21,ACTIVE
22000474,Student 0474,student0474@example.edu.vn,Hoa hoc,Tri tue nhan tao,K22,ACTIVE
22000475,Student 0475,student0475@example.edu.vn,Sinh hoc,An toan thong tin,K23,ACTIVE
22000476,Student 0476,student0476@example.edu.vn,CNTT,Khoa hoc may tinh,K24,ACTIVE
22000477,Student 0477,student0477@example.edu.vn,Toan-Tin,Ky thuat phan mem,K21,ACTIVE
22000478,Student 0478,student0478@example.edu.vn,Vat ly,He thong thong tin,K22,ACTIVE
22000479,Student 0479,student0479@example.edu.vn,Hoa hoc,Tri tue nhan tao,K23,ACTIVE
22000480,Student 0480,student0480@example.edu.vn,Sinh hoc,An toan thong tin,K24,ACTIVE
22000481,Student 0481,student0481@example.edu.vn,CNTT,Khoa hoc may tinh,K21,ACTIVE
22000482,Student 0482,student0482@example.edu.vn,Toan-Tin,Ky thuat phan mem,K22,ACTIVE
22000483,Student 0483,student0483@example.edu.vn,Vat ly,He thong thong tin,K23,ACTIVE
22000484,Student 0484,student0484@example.edu.vn,Hoa hoc,Tri tue nhan tao,K24,ACTIVE
22000485,Student 0485,student0485@example.edu.vn,Sinh hoc,An toan thong tin,K21,ACTIVE
22000486,Student 0486,student0486@example.edu.vn,CNTT,Khoa hoc may tinh,K22,ACTIVE
22000487,Student 0487,student0487@example.edu.vn,Toan-Tin,Ky thuat phan mem,K23,ACTIVE
22000488,Student 0488,student0488@example.edu.vn,Vat ly,He thong thong tin,K24,ACTIVE
22000489,Student 0489,student0489@example.edu.vn,Hoa hoc,Tri tue nhan tao,K21,ACTIVE
22000490,Student 0490,student0490@example.edu.vn,Sinh hoc,An toan thong tin,K22,ACTIVE
22000491,Student 0491,student0491@example.edu.vn,CNTT,Khoa hoc may tinh,K23,ACTIVE
22000492,Student 0492,student0492@example.edu.vn,Toan-Tin,Ky thuat phan mem,K24,ACTIVE
22000493,Student 0493,student0493@example.edu.vn,Vat ly,He thong thong tin,K21,ACTIVE
22000494,Student 0494,student0494@example.edu.vn,Hoa hoc,Tri tue nhan tao,K22,ACTIVE
22000495,Student 0495,student0495@example.edu.vn,Sinh hoc,An toan thong tin,K23,ACTIVE
22000496,Student 0496,student0496@example.edu.vn,CNTT,Khoa hoc may tinh,K24,ACTIVE
22000497,Student 0497,student0497@example.edu.vn,Toan-Tin,Ky thuat phan mem,K21,ACTIVE
22000498,Student 0498,student0498@example.edu.vn,Vat ly,He thong thong tin,K22,ACTIVE
22000499,Student 0499,student0499@example.edu.vn,Hoa hoc,Tri tue nhan tao,K23,ACTIVE
22000500,Student 0500,student0500@example.edu.vn,Sinh hoc,An toan thong tin,K24,ACTIVE
